<?xml version="1.0" encoding="utf-8"?>
<VisioDocument>
	<DocumentProperties>
		<Title>AdventureWorks OLTP Database Diagram</Title>
		<HyperlinkBase href=""></HyperlinkBase>
	</DocumentProperties>
	<Pages>
		<Page ID="0" Name="Page-1" NameU="Page-1">
			<Layer IX="0">
				<Name>Entities</Name>
				<NameUniv>Entities</NameUniv>
				<Visible>1</Visible>
			</Layer>
			<Layer IX="1">
				<Name>Relationships</Name>
				<NameUniv>Relationships</NameUniv>
				<Visible>1</Visible>
			</Layer>
			<Layer IX="2">
				<Name></Name>
				<NameUniv></NameUniv>
				<Visible>0</Visible>
			</Layer>
			<Layer IX="3">
				<Name></Name>
				<NameUniv></NameUniv>
				<Visible>0</Visible>
			</Layer>
			<Layer IX="4">
				<Name></Name>
				<NameUniv></NameUniv>
				<Visible>0</Visible>
			</Layer>
			<Layer IX="5">
				<Name></Name>
				<NameUniv></NameUniv>
				<Visible>0</Visible>
			</Layer>
			<Layer IX="6">
				<Name>Background</Name>
				<NameUniv>Background</NameUniv>
				<Visible>1</Visible>
			</Layer>
			<Shapes>
				<Shape ID="331" UniqueID="{04EC9D40-BA5E-4CF7-B7AF-5310CE52E353}" Name="Rounded rectangle.331" NameU="Rounded rectangle.331" Master="9">
					<Text>dbo</Text>
					<XForm>
						<PinX Unit="IN">3.099999999999997</PinX>
						<PinY Unit="IN">19.299999999999997</PinY>
					</XForm>
					<LayerMem>
						<LayerMember>6</LayerMember>
					</LayerMem>
				</Shape>
				<Shape ID="283" UniqueID="{9887713F-15A3-42DF-907A-328884611E78}" Name="Rounded rectangle.283" NameU="Rounded rectangle.283" Master="9">
					<XForm>
						<PinX Unit="IN">8.210000000000003</PinX>
						<PinY Unit="IN">11.903333333333340</PinY>
					</XForm>
					<LayerMem>
						<LayerMember>6</LayerMember>
					</LayerMem>
				</Shape>
				<Shape ID="282" UniqueID="{13BFE66A-AF01-46F1-A44E-73A502D91DB8}" Name="Rounded rectangle.282" NameU="Rounded rectangle.282" Master="9">
					<Text>Sales</Text>
					<XForm>
						<PinX Unit="IN">21.705000000000005</PinX>
						<PinY Unit="IN">19.228333333333335</PinY>
					</XForm>
					<LayerMem>
						<LayerMember>6</LayerMember>
					</LayerMem>
				</Shape>
				<Shape ID="286" UniqueID="{74D7D2A2-DECF-41B8-A530-B7F41DF5EF44}" Name="Rounded rectangle.286" NameU="Rounded rectangle.286" Master="9">
					<Text>Person</Text>
					<XForm>
						<PinX Unit="IN">15.010000000000010</PinX>
						<PinY Unit="IN">11.903333333333340</PinY>
					</XForm>
					<LayerMem>
						<LayerMember>6</LayerMember>
					</LayerMem>
				</Shape>
				<Shape ID="285" UniqueID="{75B03A21-91D2-4489-A879-5690D146F4B9}" Name="Rounded rectangle.285" NameU="Rounded rectangle.285" Master="9">
					<Text>Purchasing</Text>
					<XForm>
						<PinX Unit="IN">13.010000000000005</PinX>
						<PinY Unit="IN">4.203333333333337</PinY>
					</XForm>
					<LayerMem>
						<LayerMember>6</LayerMember>
					</LayerMem>
				</Shape>
				<Shape ID="281" UniqueID="{DE66D563-BD11-4FFF-87DC-0B6372F75AAF}" Name="Rounded rectangle.281" NameU="Rounded rectangle.281" Master="9">
					<Text>Production</Text>
					<XForm>
						<PinX Unit="IN">28.510000000000009</PinX>
						<PinY Unit="IN">7.703333333333337</PinY>
					</XForm>
					<LayerMem>
						<LayerMember>6</LayerMember>
					</LayerMem>
				</Shape>
				<Shape ID="280" UniqueID="{90729A6C-A773-42EB-93C0-89F6A09ED446}" Name="Rounded rectangle" NameU="Rounded rectangle" Master="9">
					<Text>HumanResources</Text>
					<XForm>
						<PinX Unit="IN">3.110000000000006</PinX>
						<PinY Unit="IN">12.751666666666665</PinY>
					</XForm>
					<LayerMem>
						<LayerMember>6</LayerMember>
					</LayerMem>
				</Shape>
				<Shape ID="278" UniqueID="{55E4044B-88CB-4775-B513-C439DCF554F6}" Name="Sheet.278" NameU="Sheet.278">
					<Text>AdventureWorks OLTP Schema
November 2005</Text>
					<XForm>
						<PinX Unit="IN">3.060000000000001</PinX>
						<PinY Unit="IN">22.603333333333328</PinY>
					</XForm>
					<LayerMem>
						<LayerMember>6</LayerMember>
					</LayerMem>
				</Shape>
				<Shape ID="304" UniqueID="{2E219BC4-C029-4649-88F4-30CE62B6EC1E}" Name="Sheet.304" NameU="Sheet.304">
					<Text>Best Print Results if:
11X17 paper
Landscape
Fit to 1 sheet</Text>
					<XForm>
						<PinX Unit="IN">1.310000000000003</PinX>
						<PinY Unit="IN">21.503333333333334</PinY>
					</XForm>
					<LayerMem>
						<LayerMember>6</LayerMember>
					</LayerMem>
				</Shape>
				<Shape ID="1" UniqueID="{33E09E37-EF53-4C6E-83CC-20672EE29B16}" Name="Entity.15" NameU="Entity.15" Master="15">
					<XForm>
						<PinX Unit="IN">15.210000000000010</PinX>
						<PinY Unit="IN">12.803333333333335</PinY>
					</XForm>
					<LayerMem>
						<LayerMember>0</LayerMember>
					</LayerMem>
				</Shape>
				<Shape ID="4" UniqueID="{84603B9E-DE21-4D51-8F64-803F955BC551}" Name="Entity.4" NameU="Entity.4" Master="15">
					<XForm>
						<PinX Unit="IN">12.322823140284081</PinX>
						<PinY Unit="IN">13.131165434434681</PinY>
					</XForm>
					<LayerMem>
						<LayerMember>0</LayerMember>
					</LayerMem>
				</Shape>
				<Shape ID="7" UniqueID="{B59024C0-BEC8-46DF-8AE3-BA9DEDE86C6A}" Name="Entity.7" NameU="Entity.7" Master="15">
					<XForm>
						<PinX Unit="IN">13.372058674952049</PinX>
						<PinY Unit="IN">10.192170696343315</PinY>
					</XForm>
					<LayerMem>
						<LayerMember>0</LayerMember>
					</LayerMem>
				</Shape>
				<Shape ID="10" UniqueID="{BF6939AA-17FB-46A8-8E7F-F82553F3819C}" Name="Entity.10" NameU="Entity.10" Master="15">
					<XForm>
						<PinX Unit="IN">11.210000000000008</PinX>
						<PinY Unit="IN">10.331162382676869</PinY>
					</XForm>
					<LayerMem>
						<LayerMember>0</LayerMember>
					</LayerMem>
				</Shape>
				<Shape ID="13" UniqueID="{1F7DB938-06C6-4720-B0DC-59AF45B1E836}" Name="Entity.13" NameU="Entity.13" Master="15">
					<XForm>
						<PinX Unit="IN">18.216249653955956</PinX>
						<PinY Unit="IN">14.058836345757378</PinY>
					</XForm>
					<LayerMem>
						<LayerMember>0</LayerMember>
					</LayerMem>
				</Shape>
				<Shape ID="16" UniqueID="{6C9920B4-4457-413A-BEEC-EF0BDD238EE0}" Name="Relationship" NameU="Relationship" Master="8">
					<XForm>
						<PinX Unit="IN">16.570334986279740</PinX>
						<PinY Unit="IN">13.431084839545356</PinY>
					</XForm>
					<LayerMem>
						<LayerMember>1</LayerMember>
					</LayerMem>
				</Shape>
				<Shape ID="17" UniqueID="{467143FA-1E34-4FE5-9BF2-6777C5CFB92B}" Name="Entity.17" NameU="Entity.17" Master="15">
					<XForm>
						<PinX Unit="IN">18.282232783177854</PinX>
						<PinY Unit="IN">11.131162382676870</PinY>
					</XForm>
					<LayerMem>
						<LayerMember>0</LayerMember>
					</LayerMem>
				</Shape>
				<Shape ID="20" UniqueID="{E8F554EF-A10C-4A6E-B37B-1A140A1360FE}" Name="Relationship.20" NameU="Relationship.20" Master="8">
					<XForm>
						<PinX Unit="IN">18.282232783177854</PinX>
						<PinY Unit="IN">12.386665395100914</PinY>
					</XForm>
					<LayerMem>
						<LayerMember>1</LayerMember>
					</LayerMem>
				</Shape>
				<Shape ID="21" UniqueID="{7576472C-39CD-4C25-B75B-7FD9A0924E62}" Name="Entity.21" NameU="Entity.21" Master="15">
					<XForm>
						<PinX Unit="IN">8.163785288671017</PinX>
						<PinY Unit="IN">12.697829557969836</PinY>
					</XForm>
					<LayerMem>
						<LayerMember>0</LayerMember>
					</LayerMem>
				</Shape>
				<Shape ID="24" UniqueID="{F1672714-3837-45AA-B4BD-8651E2781FA2}" Name="Entity.24" NameU="Entity.24" Master="15">
					<XForm>
						<PinX Unit="IN">8.576619908472557</PinX>
						<PinY Unit="IN">10.497829557969837</PinY>
					</XForm>
					<LayerMem>
						<LayerMember>0</LayerMember>
					</LayerMem>
				</Shape>
				<Shape ID="27" UniqueID="{37642070-1A2E-4EFE-827C-27F53FBF4912}" Name="Relationship.27" NameU="Relationship.27" Master="8">
					<XForm>
						<PinX Unit="IN">10.342829328360210</PinX>
						<PinY Unit="IN">11.537829557969836</PinY>
					</XForm>
					<LayerMem>
						<LayerMember>1</LayerMember>
					</LayerMem>
				</Shape>
				<Shape ID="28" UniqueID="{DC143FA2-72FE-45D7-B4C0-EE8A810F7C64}" Name="Relationship.28" NameU="Relationship.28" Master="8">
					<XForm>
						<PinX Unit="IN">9.966226938794389</PinX>
						<PinY Unit="IN">10.331162382676869</PinY>
					</XForm>
					<LayerMem>
						<LayerMember>1</LayerMember>
					</LayerMem>
				</Shape>
				<Shape ID="29" UniqueID="{7942DB64-1424-434F-936C-281D522AEF75}" Name="Relationship.29" NameU="Relationship.29" Master="8">
					<XForm>
						<PinX Unit="IN">8.356794891357431</PinX>
						<PinY Unit="IN">11.556162764146597</PinY>
					</XForm>
					<LayerMem>
						<LayerMember>1</LayerMember>
					</LayerMem>
				</Shape>
				<Shape ID="30" UniqueID="{D46DFC03-B316-4F0C-B4B0-C0B5F1E0AC61}" Name="Entity.30" NameU="Entity.30" Master="15">
					<XForm>
						<PinX Unit="IN">8.353785288671007</PinX>
						<PinY Unit="IN">15.388837363009984</PinY>
					</XForm>
					<LayerMem>
						<LayerMember>0</LayerMember>
					</LayerMem>
				</Shape>
				<Shape ID="33" UniqueID="{F2B5AC59-65B1-4AB3-8A42-3504FE3B1910}" Name="Relationship.33" NameU="Relationship.33" Master="8">
					<XForm>
						<PinX Unit="IN">9.926271670201771</PinX>
						<PinY Unit="IN">14.529162532429591</PinY>
					</XForm>
					<LayerMem>
						<LayerMember>1</LayerMember>
					</LayerMem>
				</Shape>
				<Shape ID="34" UniqueID="{7E81C895-46B6-4122-A6EA-66839C02A6A0}" Name="Entity.34" NameU="Entity.34" Master="15">
					<XForm>
						<PinX Unit="IN">11.434060856958885</PinX>
						<PinY Unit="IN">17.781163145616322</PinY>
					</XForm>
					<LayerMem>
						<LayerMember>0</LayerMember>
					</LayerMem>
				</Shape>
				<Shape ID="37" UniqueID="{229A694D-3A52-40E7-A393-BCB44A36FE86}" Name="Relationship.37" NameU="Relationship.37" Master="8">
					<XForm>
						<PinX Unit="IN">9.765000000000006</PinX>
						<PinY Unit="IN">16.799448740550755</PinY>
					</XForm>
					<LayerMem>
						<LayerMember>1</LayerMember>
					</LayerMem>
				</Shape>
				<Shape ID="38" UniqueID="{E591CB4E-4753-40B0-A003-1269FE869C85}" Name="Relationship.38" NameU="Relationship.38" Master="8">
					<XForm>
						<PinX Unit="IN">9.817732391357422</PinX>
						<PinY Unit="IN">14.891163145616323</PinY>
					</XForm>
					<LayerMem>
						<LayerMember>1</LayerMember>
					</LayerMem>
				</Shape>
				<Shape ID="39" UniqueID="{06EC3FDA-AD1C-4160-933E-8BAC93D32FA3}" Name="Entity.39" NameU="Entity.39" Master="15">
					<XForm>
						<PinX Unit="IN">14.317892644068261</PinX>
						<PinY Unit="IN">16.803333333333338</PinY>
					</XForm>
					<LayerMem>
						<LayerMember>0</LayerMember>
					</LayerMem>
				</Shape>
				<Shape ID="42" UniqueID="{9B449F4F-AC61-4597-84DC-E70304BB7663}" Name="Relationship.42" NameU="Relationship.42" Master="8">
					<XForm>
						<PinX Unit="IN">14.757557657788528</PinX>
						<PinY Unit="IN">14.928333714803063</PinY>
					</XForm>
					<LayerMem>
						<LayerMember>1</LayerMember>
					</LayerMem>
				</Shape>
				<Shape ID="43" UniqueID="{29BFDB85-FDC5-46F6-8962-B3594B257BAA}" Name="Relationship.43" NameU="Relationship.43" Master="8">
					<XForm>
						<PinX Unit="IN">13.772058674952049</PinX>
						<PinY Unit="IN">13.456085221015083</PinY>
					</XForm>
					<LayerMem>
						<LayerMember>1</LayerMember>
					</LayerMem>
				</Shape>
				<Shape ID="44" UniqueID="{3F6D764D-CD10-4D8D-B9B7-259BE93BBC85}" Name="Relationship.44" NameU="Relationship.44" Master="8">
					<XForm>
						<PinX Unit="IN">12.834060856958885</PinX>
						<PinY Unit="IN">17.250581445651584</PinY>
					</XForm>
					<LayerMem>
						<LayerMember>1</LayerMember>
					</LayerMem>
				</Shape>
				<Shape ID="45" UniqueID="{4A6E64A3-8DE2-4CB5-AA23-3887D68A9BAD}" Name="Entity.45" NameU="Entity.45" Master="15">
					<XForm>
						<PinX Unit="IN">7.682232783177850</PinX>
						<PinY Unit="IN">18.003333333333334</PinY>
					</XForm>
					<LayerMem>
						<LayerMember>0</LayerMember>
					</LayerMem>
				</Shape>
				<Shape ID="48" UniqueID="{369C89E7-1EBB-4B27-AC46-1C2E568E94CD}" Name="Relationship.48" NameU="Relationship.48" Master="8">
					<XForm>
						<PinX Unit="IN">13.393653791803661</PinX>
						<PinY Unit="IN">16.433333333333334</PinY>
					</XForm>
					<LayerMem>
						<LayerMember>1</LayerMember>
					</LayerMem>
				</Shape>
				<Shape ID="49" UniqueID="{37081802-ABD0-49B3-B841-1FCF566EB257}" Name="Relationship.49" NameU="Relationship.49" Master="8">
					<XForm>
						<PinX Unit="IN">9.610000000000007</PinX>
						<PinY Unit="IN">18.248663145616320</PinY>
					</XForm>
					<LayerMem>
						<LayerMember>1</LayerMember>
					</LayerMem>
				</Shape>
				<Shape ID="50" UniqueID="{9F5CA8D6-6C75-41AE-B020-3A5540C8D850}" Name="Entity.50" NameU="Entity.50" Master="15">
					<XForm>
						<PinX Unit="IN">8.325161478856561</PinX>
						<PinY Unit="IN">20.425503521050349</PinY>
					</XForm>
					<LayerMem>
						<LayerMember>0</LayerMember>
					</LayerMem>
				</Shape>
				<Shape ID="53" UniqueID="{85549D25-698E-415D-A779-40EC89A6C766}" Name="Relationship.53" NameU="Relationship.53" Master="8">
					<XForm>
						<PinX Unit="IN">8.025161478856560</PinX>
						<PinY Unit="IN">19.381085602484809</PinY>
					</XForm>
					<LayerMem>
						<LayerMember>1</LayerMember>
					</LayerMem>
				</Shape>
				<Shape ID="54" UniqueID="{BD6A2AB2-6379-4A38-89CA-9FF646F2DC8C}" Name="Entity.54" NameU="Entity.54" Master="15">
					<XForm>
						<PinX Unit="IN">14.484838521143448</PinX>
						<PinY Unit="IN">21.694496224636502</PinY>
					</XForm>
					<LayerMem>
						<LayerMember>0</LayerMember>
					</LayerMem>
				</Shape>
				<Shape ID="57" UniqueID="{F905F040-374A-41F5-ACC9-234352A108F6}" Name="Entity.57" NameU="Entity.57" Master="15">
					<XForm>
						<PinX Unit="IN">11.676713145116320</PinX>
						<PinY Unit="IN">21.027830575222438</PinY>
					</XForm>
					<LayerMem>
						<LayerMember>0</LayerMember>
					</LayerMem>
				</Shape>
				<Shape ID="60" UniqueID="{F62D25FE-D8D1-49BE-8C3A-93A6313EE9BD}" Name="Relationship.60" NameU="Relationship.60" Master="8">
					<XForm>
						<PinX Unit="IN">13.100000000000001</PinX>
						<PinY Unit="IN">21.527830575222438</PinY>
					</XForm>
					<LayerMem>
						<LayerMember>1</LayerMember>
					</LayerMem>
				</Shape>
				<Shape ID="61" UniqueID="{CD8C8295-2BFB-4734-AE93-30EF36C7236F}" Name="Relationship.61" NameU="Relationship.61" Master="8">
					<XForm>
						<PinX Unit="IN">8.971713145116324</PinX>
						<PinY Unit="IN">20.267248748101132</PinY>
					</XForm>
					<LayerMem>
						<LayerMember>1</LayerMember>
					</LayerMem>
				</Shape>
				<Shape ID="63" UniqueID="{A79D96AB-3230-4A10-B28A-E241FB4B4918}" Name="Relationship.63" NameU="Relationship.63" Master="8">
					<XForm>
						<PinX Unit="IN">9.981713145116324</PinX>
						<PinY Unit="IN">20.669118114330146</PinY>
					</XForm>
					<LayerMem>
						<LayerMember>1</LayerMember>
					</LayerMem>
				</Shape>
				<Shape ID="64" UniqueID="{0CEA34BB-3D34-4339-AFDA-60A1D6258D1D}" Name="Entity.64" NameU="Entity.64" Master="15">
					<XForm>
						<PinX Unit="IN">16.765553629735464</PinX>
						<PinY Unit="IN">22.000000000000000</PinY>
					</XForm>
					<LayerMem>
						<LayerMember>0</LayerMember>
					</LayerMem>
				</Shape>
				<Shape ID="67" UniqueID="{ABAACF78-FAC6-43A3-AFF9-B24FB6BDAC73}" Name="Relationship.67" NameU="Relationship.67" Master="8">
					<XForm>
						<PinX Unit="IN">14.514668581204932</PinX>
						<PinY Unit="IN">18.065584243096247</PinY>
					</XForm>
					<LayerMem>
						<LayerMember>1</LayerMember>
					</LayerMem>
				</Shape>
				<Shape ID="68" UniqueID="{FAA974DD-B15B-4CAC-8F82-EAE48640B82A}" Name="Entity.68" NameU="Entity.68" Master="15">
					<XForm>
						<PinX Unit="IN">18.459761464258683</PinX>
						<PinY Unit="IN">18.600000000000001</PinY>
					</XForm>
					<LayerMem>
						<LayerMember>0</LayerMember>
					</LayerMem>
				</Shape>
				<Shape ID="71" UniqueID="{17329CC9-1701-48BA-AB40-B4FFEA71B70E}" Name="Relationship.71" NameU="Relationship.71" Master="8">
					<XForm>
						<PinX Unit="IN">16.440309079439839</PinX>
						<PinY Unit="IN">15.459997584025070</PinY>
					</XForm>
					<LayerMem>
						<LayerMember>1</LayerMember>
					</LayerMem>
				</Shape>
				<Shape ID="72" UniqueID="{BD7DB3E6-4D9C-4FBA-BEF7-9A1A8F0E6D76}" Name="Relationship.72" NameU="Relationship.72" Master="8">
					<XForm>
						<PinX Unit="IN">16.673156911914766</PinX>
						<PinY Unit="IN">15.259997584025070</PinY>
					</XForm>
					<LayerMem>
						<LayerMember>1</LayerMember>
					</LayerMem>
				</Shape>
				<Shape ID="73" UniqueID="{4A3E9F23-7C66-42C5-9146-C73428D459CA}" Name="Relationship.73" NameU="Relationship.73" Master="8">
					<XForm>
						<PinX Unit="IN">15.221472052618008</PinX>
						<PinY Unit="IN">16.390581191338434</PinY>
					</XForm>
					<LayerMem>
						<LayerMember>1</LayerMember>
					</LayerMem>
				</Shape>
				<Shape ID="74" UniqueID="{C9C2BCAE-00F5-418A-B035-42D3A3C5FA8B}" Name="Relationship.74" NameU="Relationship.74" Master="8">
					<XForm>
						<PinX Unit="IN">14.829060856958883</PinX>
						<PinY Unit="IN">18.340000000000000</PinY>
					</XForm>
					<LayerMem>
						<LayerMember>1</LayerMember>
					</LayerMem>
				</Shape>
				<Shape ID="75" UniqueID="{9C5EC1B0-C0C9-487D-BE69-78073FB4B1FC}" Name="Relationship.75" NameU="Relationship.75" Master="8">
					<XForm>
						<PinX Unit="IN">15.000000000000002</PinX>
						<PinY Unit="IN">20.468750000000000</PinY>
					</XForm>
					<LayerMem>
						<LayerMember>1</LayerMember>
					</LayerMem>
				</Shape>
				<Shape ID="76" UniqueID="{119E5DEE-EC7D-40B6-B29D-E121CC449309}" Name="Relationship.76" NameU="Relationship.76" Master="8">
					<XForm>
						<PinX Unit="IN">13.005000000000004</PinX>
						<PinY Unit="IN">18.867995227050784</PinY>
					</XForm>
					<LayerMem>
						<LayerMember>1</LayerMember>
					</LayerMem>
				</Shape>
				<Shape ID="77" UniqueID="{FC4E12E1-BD36-4096-8B00-937A05273BD7}" Name="Entity.77" NameU="Entity.77" Master="15">
					<XForm>
						<PinX Unit="IN">21.600000000000001</PinX>
						<PinY Unit="IN">21.272170950656466</PinY>
					</XForm>
					<LayerMem>
						<LayerMember>0</LayerMember>
					</LayerMem>
				</Shape>
				<Shape ID="80" UniqueID="{CE5685CF-3248-4BE8-AA3F-64AB8F9F2903}" Name="Relationship.80" NameU="Relationship.80" Master="8">
					<XForm>
						<PinX Unit="IN">19.608105282588340</PinX>
						<PinY Unit="IN">21.229347383456759</PinY>
					</XForm>
					<LayerMem>
						<LayerMember>1</LayerMember>
					</LayerMem>
				</Shape>
				<Shape ID="85" UniqueID="{24C46D6C-5EA1-443B-9E26-A4481EF7F259}" Name="Entity.85" NameU="Entity.85" Master="15">
					<XForm>
						<PinX Unit="IN">22.010000000000012</PinX>
						<PinY Unit="IN">16.742169933403861</PinY>
					</XForm>
					<LayerMem>
						<LayerMember>0</LayerMember>
					</LayerMem>
				</Shape>
				<Shape ID="88" UniqueID="{33347BE1-8D63-4839-ADAE-D426EB4ACFD8}" Name="Relationship.88" NameU="Relationship.88" Master="8">
					<XForm>
						<PinX Unit="IN">20.816249653955957</PinX>
						<PinY Unit="IN">15.257794933403860</PinY>
					</XForm>
					<LayerMem>
						<LayerMember>1</LayerMember>
					</LayerMem>
				</Shape>
				<Shape ID="89" UniqueID="{AA9F88FD-8889-4D54-BE77-952AC1515D45}" Name="Entity.89" NameU="Entity.89" Master="15">
					<XForm>
						<PinX Unit="IN">24.454812739232541</PinX>
						<PinY Unit="IN">16.781163145616322</PinY>
					</XForm>
					<LayerMem>
						<LayerMember>0</LayerMember>
					</LayerMem>
				</Shape>
				<Shape ID="92" UniqueID="{7DAF7FDD-808A-4BE2-90E4-F57DD2921C3C}" Name="Entity.92" NameU="Entity.92" Master="15">
					<XForm>
						<PinX Unit="IN">25.069730946680568</PinX>
						<PinY Unit="IN">9.964501310899522</PinY>
					</XForm>
					<LayerMem>
						<LayerMember>0</LayerMember>
					</LayerMem>
				</Shape>
				<Shape ID="95" UniqueID="{A5E59234-4739-4FBD-9F20-B38427B3BF3D}" Name="Relationship.95" NameU="Relationship.95" Master="8">
					<XForm>
						<PinX Unit="IN">24.886101168489283</PinX>
						<PinY Unit="IN">14.164501310899521</PinY>
					</XForm>
					<LayerMem>
						<LayerMember>1</LayerMember>
					</LayerMem>
				</Shape>
				<Shape ID="96" UniqueID="{0CE2BA9D-AF0C-4A93-9790-B2E2776C8BDA}" Name="Entity.96" NameU="Entity.96" Master="15">
					<XForm>
						<PinX Unit="IN">27.133955189844631</PinX>
						<PinY Unit="IN">17.597831083848742</PinY>
					</XForm>
					<LayerMem>
						<LayerMember>0</LayerMember>
					</LayerMem>
				</Shape>
				<Shape ID="100" UniqueID="{BA53C549-EFC5-4BD3-87B0-4E3C3B72EBE4}" Name="Relationship.100" NameU="Relationship.100" Master="8">
					<XForm>
						<PinX Unit="IN">22.737700955530663</PinX>
						<PinY Unit="IN">18.001666666666665</PinY>
					</XForm>
					<LayerMem>
						<LayerMember>1</LayerMember>
					</LayerMem>
				</Shape>
				<Shape ID="101" UniqueID="{59FF0162-4360-491D-935E-FB19E5199BBF}" Name="Entity.101" NameU="Entity.101" Master="15">
					<XForm>
						<PinX Unit="IN">24.810000000000009</PinX>
						<PinY Unit="IN">19.675504283989799</PinY>
					</XForm>
					<LayerMem>
						<LayerMember>0</LayerMember>
					</LayerMem>
				</Shape>
				<Shape ID="105" UniqueID="{A794ABBF-4BEE-49A4-BDCD-7E264E1BB484}" Name="Entity.105" NameU="Entity.105" Master="15">
					<XForm>
						<PinX Unit="IN">21.640193974634659</PinX>
						<PinY Unit="IN">19.261163399929472</PinY>
					</XForm>
					<LayerMem>
						<LayerMember>0</LayerMember>
					</LayerMem>
				</Shape>
				<Shape ID="108" UniqueID="{619F5F56-2363-457A-8506-ECF587162063}" Name="Relationship.108" NameU="Relationship.108" Master="8">
					<XForm>
						<PinX Unit="IN">23.379610346387160</PinX>
						<PinY Unit="IN">19.635001017252605</PinY>
					</XForm>
					<LayerMem>
						<LayerMember>1</LayerMember>
					</LayerMem>
				</Shape>
				<Shape ID="109" UniqueID="{724C936C-0BFD-4233-A5E5-83EF5A63643C}" Name="Relationship.109" NameU="Relationship.109" Master="8">
					<XForm>
						<PinX Unit="IN">23.379610346387160</PinX>
						<PinY Unit="IN">19.353838125949437</PinY>
					</XForm>
					<LayerMem>
						<LayerMember>1</LayerMember>
					</LayerMem>
				</Shape>
				<Shape ID="110" UniqueID="{71288407-B597-4991-A3F0-A64A47032409}" Name="Relationship.110" NameU="Relationship.110" Master="8">
					<XForm>
						<PinX Unit="IN">20.059761464258685</PinX>
						<PinY Unit="IN">19.261163399929472</PinY>
					</XForm>
					<LayerMem>
						<LayerMember>1</LayerMember>
					</LayerMem>
				</Shape>
				<Shape ID="111" UniqueID="{3F07D00D-DA46-45E4-B216-E23ECD379C78}" Name="Entity.111" NameU="Entity.111" Master="15">
					<XForm>
						<PinX Unit="IN">28.510312077662011</PinX>
						<PinY Unit="IN">21.864496733262808</PinY>
					</XForm>
					<LayerMem>
						<LayerMember>0</LayerMember>
					</LayerMem>
				</Shape>
				<Shape ID="114" UniqueID="{7B719D7F-B1D4-4186-A498-75E863A0DE03}" Name="Relationship.114" NameU="Relationship.114" Master="8">
					<XForm>
						<PinX Unit="IN">22.710849838256841</PinX>
						<PinY Unit="IN">22.341414524671769</PinY>
					</XForm>
					<LayerMem>
						<LayerMember>1</LayerMember>
					</LayerMem>
				</Shape>
				<Shape ID="115" UniqueID="{413755FE-FAD7-41D6-9E19-8C64D3D007D0}" Name="Relationship.115" NameU="Relationship.115" Master="8">
					<XForm>
						<PinX Unit="IN">23.076520842151375</PinX>
						<PinY Unit="IN">21.603917576429581</PinY>
					</XForm>
					<LayerMem>
						<LayerMember>1</LayerMember>
					</LayerMem>
				</Shape>
				<Shape ID="116" UniqueID="{D9E0867A-769E-41E8-9391-F8718CC13EE0}" Name="Entity.116" NameU="Entity.116" Master="15">
					<XForm>
						<PinX Unit="IN">26.855568812230587</PinX>
						<PinY Unit="IN">19.992170696343319</PinY>
					</XForm>
					<LayerMem>
						<LayerMember>0</LayerMember>
					</LayerMem>
				</Shape>
				<Shape ID="119" UniqueID="{198516E4-4ACE-4453-BFB0-9328BE581F28}" Name="Relationship.119" NameU="Relationship.119" Master="8">
					<XForm>
						<PinX Unit="IN">24.725636272430428</PinX>
						<PinY Unit="IN">20.863837617323131</PinY>
					</XForm>
					<LayerMem>
						<LayerMember>1</LayerMember>
					</LayerMem>
				</Shape>
				<Shape ID="120" UniqueID="{A7228ED3-EA89-46F1-98CA-5E2F184BEDBC}" Name="Entity.120" NameU="Entity.120" Master="15">
					<XForm>
						<PinX Unit="IN">30.478796503880979</PinX>
						<PinY Unit="IN">20.597831083848742</PinY>
					</XForm>
					<LayerMem>
						<LayerMember>0</LayerMember>
					</LayerMem>
				</Shape>
				<Shape ID="123" UniqueID="{9640DD68-2003-4BB0-B624-2C8B7FD3E14D}" Name="Entity.123" NameU="Entity.123" Master="15">
					<XForm>
						<PinX Unit="IN">30.077037465235247</PinX>
						<PinY Unit="IN">17.788837363009982</PinY>
					</XForm>
					<LayerMem>
						<LayerMember>0</LayerMember>
					</LayerMem>
				</Shape>
				<Shape ID="126" UniqueID="{23E88E9C-AB0E-4BDC-A0EC-AFAAA5197997}" Name="Relationship.126" NameU="Relationship.126" Master="8">
					<XForm>
						<PinX Unit="IN">28.353419799168471</PinX>
						<PinY Unit="IN">14.573836854383684</PinY>
					</XForm>
					<LayerMem>
						<LayerMember>1</LayerMember>
					</LayerMem>
				</Shape>
				<Shape ID="127" UniqueID="{0B286E5B-1C13-404B-BE65-998A6D50B936}" Name="Relationship.127" NameU="Relationship.127" Master="8">
					<XForm>
						<PinX Unit="IN">30.350833969116216</PinX>
						<PinY Unit="IN">18.901666666666667</PinY>
					</XForm>
					<LayerMem>
						<LayerMember>1</LayerMember>
					</LayerMem>
				</Shape>
				<Shape ID="128" UniqueID="{73762D92-FB2C-4E7A-9BBF-B2702FF63DB4}" Name="Relationship.128" NameU="Relationship.128" Master="8">
					<XForm>
						<PinX Unit="IN">28.756015698572654</PinX>
						<PinY Unit="IN">17.788837363009982</PinY>
					</XForm>
					<LayerMem>
						<LayerMember>1</LayerMember>
					</LayerMem>
				</Shape>
				<Shape ID="129" UniqueID="{20DE9556-1C4D-4511-A6D6-EF6495D5734F}" Name="Entity.129" NameU="Entity.129" Master="15">
					<XForm>
						<PinX Unit="IN">23.044446370264552</PinX>
						<PinY Unit="IN">13.603333333333335</PinY>
					</XForm>
					<LayerMem>
						<LayerMember>0</LayerMember>
					</LayerMem>
				</Shape>
				<Shape ID="132" UniqueID="{1C8B7A59-019C-495A-8ED1-059EF214C119}" Name="Relationship.132" NameU="Relationship.132" Master="8">
					<XForm>
						<PinX Unit="IN">24.130135090815870</PinX>
						<PinY Unit="IN">12.709961404758030</PinY>
					</XForm>
					<LayerMem>
						<LayerMember>1</LayerMember>
					</LayerMem>
				</Shape>
				<Shape ID="133" UniqueID="{225F6572-3116-4AEA-8860-6F34F9F4FE57}" Name="Entity.133" NameU="Entity.133" Master="15">
					<XForm>
						<PinX Unit="IN">21.065022847315333</PinX>
						<PinY Unit="IN">12.403333333333336</PinY>
					</XForm>
					<LayerMem>
						<LayerMember>0</LayerMember>
					</LayerMem>
				</Shape>
				<Shape ID="136" UniqueID="{0611FAAD-F284-4D6C-902D-85F7A277A9B8}" Name="Relationship.136" NameU="Relationship.136" Master="8">
					<XForm>
						<PinX Unit="IN">22.942034527918359</PinX>
						<PinY Unit="IN">11.892252817111544</PinY>
					</XForm>
					<LayerMem>
						<LayerMember>1</LayerMember>
					</LayerMem>
				</Shape>
				<Shape ID="137" UniqueID="{6026745E-6D99-4490-9ACF-6731607E68F8}" Name="Entity.137" NameU="Entity.137" Master="15">
					<XForm>
						<PinX Unit="IN">22.007850834986233</PinX>
						<PinY Unit="IN">10.031163908555772</PinY>
					</XForm>
					<LayerMem>
						<LayerMember>0</LayerMember>
					</LayerMem>
				</Shape>
				<Shape ID="140" UniqueID="{57A07E44-F021-47CB-884E-75FBB79C25D3}" Name="Relationship.140" NameU="Relationship.140" Master="8">
					<XForm>
						<PinX Unit="IN">23.509917447229885</PinX>
						<PinY Unit="IN">10.031163908555772</PinY>
					</XForm>
					<LayerMem>
						<LayerMember>1</LayerMember>
					</LayerMem>
				</Shape>
				<Shape ID="141" UniqueID="{E86D800B-7A2C-41E7-8727-184E225EA530}" Name="Relationship.141" NameU="Relationship.141" Master="8">
					<XForm>
						<PinX Unit="IN">23.509917447229885</PinX>
						<PinY Unit="IN">9.479748620944553</PinY>
					</XForm>
					<LayerMem>
						<LayerMember>1</LayerMember>
					</LayerMem>
				</Shape>
				<Shape ID="142" UniqueID="{7678712E-59F8-4358-A058-0017BC7B5BA5}" Name="Entity.142" NameU="Entity.142" Master="15">
					<XForm>
						<PinX Unit="IN">26.154493830541135</PinX>
						<PinY Unit="IN">14.025503521050350</PinY>
					</XForm>
					<LayerMem>
						<LayerMember>0</LayerMember>
					</LayerMem>
				</Shape>
				<Shape ID="145" UniqueID="{DDB16BD7-191D-47F0-B0F0-DEC61DD03BAC}" Name="Entity.145" NameU="Entity.145" Master="15">
					<XForm>
						<PinX Unit="IN">28.736983296534081</PinX>
						<PinY Unit="IN">13.192170696343315</PinY>
					</XForm>
					<LayerMem>
						<LayerMember>0</LayerMember>
					</LayerMem>
				</Shape>
				<Shape ID="148" UniqueID="{A45E11F0-65A8-4566-B8A2-512A0A86E50B}" Name="Relationship.148" NameU="Relationship.148" Master="8">
					<XForm>
						<PinX Unit="IN">26.690418284403965</PinX>
						<PinY Unit="IN">12.558025983174645</PinY>
					</XForm>
					<LayerMem>
						<LayerMember>1</LayerMember>
					</LayerMem>
				</Shape>
				<Shape ID="149" UniqueID="{F75F32C3-534A-4BDA-BBF1-A6FF1EA86DB7}" Name="Relationship.149" NameU="Relationship.149" Master="8">
					<XForm>
						<PinX Unit="IN">27.536837348938001</PinX>
						<PinY Unit="IN">13.525503521050346</PinY>
					</XForm>
					<LayerMem>
						<LayerMember>1</LayerMember>
					</LayerMem>
				</Shape>
				<Shape ID="150" UniqueID="{B7315346-6C52-482C-9582-E3A6604CEE16}" Name="Entity.150" NameU="Entity.150" Master="15">
					<XForm>
						<PinX Unit="IN">28.173668406346799</PinX>
						<PinY Unit="IN">10.403333333333332</PinY>
					</XForm>
					<LayerMem>
						<LayerMember>0</LayerMember>
					</LayerMem>
				</Shape>
				<Shape ID="153" UniqueID="{00278B23-60C5-4A43-BE91-FDD1662EAF32}" Name="Relationship.153" NameU="Relationship.153" Master="8">
					<XForm>
						<PinX Unit="IN">26.656387672424330</PinX>
						<PinY Unit="IN">10.403333333333332</PinY>
					</XForm>
					<LayerMem>
						<LayerMember>1</LayerMember>
					</LayerMem>
				</Shape>
				<Shape ID="154" UniqueID="{4DF7BF9C-B06E-4CC5-B6EB-DF68C2CEDBD2}" Name="Entity.154" NameU="Entity.154" Master="15">
					<XForm>
						<PinX Unit="IN">30.895450780054585</PinX>
						<PinY Unit="IN">10.203333333333333</PinY>
					</XForm>
					<LayerMem>
						<LayerMember>0</LayerMember>
					</LayerMem>
				</Shape>
				<Shape ID="157" UniqueID="{985E555C-AF80-49D2-81D0-7DCC1CB37A40}" Name="Relationship.157" NameU="Relationship.157" Master="8">
					<XForm>
						<PinX Unit="IN">29.610000000000007</PinX>
						<PinY Unit="IN">10.261666539510090</PinY>
					</XForm>
					<LayerMem>
						<LayerMember>1</LayerMember>
					</LayerMem>
				</Shape>
				<Shape ID="158" UniqueID="{618B9100-EA21-4042-AEC0-4055BD1EC6E7}" Name="Entity.158" NameU="Entity.158" Master="15">
					<XForm>
						<PinX Unit="IN">31.175553629735475</PinX>
						<PinY Unit="IN">8.675504283989799</PinY>
					</XForm>
					<LayerMem>
						<LayerMember>0</LayerMember>
					</LayerMem>
				</Shape>
				<Shape ID="161" UniqueID="{BB0FF48E-3DD9-43B2-87D6-FB4C42EBAF80}" Name="Relationship.161" NameU="Relationship.161" Master="8">
					<XForm>
						<PinX Unit="IN">28.258272895813004</PinX>
						<PinY Unit="IN">9.081831445651584</PinY>
					</XForm>
					<LayerMem>
						<LayerMember>1</LayerMember>
					</LayerMem>
				</Shape>
				<Shape ID="162" UniqueID="{BDF835A2-55FB-4ADB-89BF-27C172B35A83}" Name="Entity.162" NameU="Entity.162" Master="15">
					<XForm>
						<PinX Unit="IN">31.810000000000006</PinX>
						<PinY Unit="IN">12.025503521050346</PinY>
					</XForm>
					<LayerMem>
						<LayerMember>0</LayerMember>
					</LayerMem>
				</Shape>
				<Shape ID="165" UniqueID="{C0AE8C45-0321-4B3D-8DC0-380DF29703DA}" Name="Relationship.165" NameU="Relationship.165" Master="8">
					<XForm>
						<PinX Unit="IN">28.548060778210893</PinX>
						<PinY Unit="IN">11.571336345757379</PinY>
					</XForm>
					<LayerMem>
						<LayerMember>1</LayerMember>
					</LayerMem>
				</Shape>
				<Shape ID="166" UniqueID="{0F288B82-E2C7-4E5B-9918-97E2F4E9571B}" Name="Entity.166" NameU="Entity.166" Master="15">
					<XForm>
						<PinX Unit="IN">32.279116175511831</PinX>
						<PinY Unit="IN">14.531162382676868</PinY>
					</XForm>
					<LayerMem>
						<LayerMember>0</LayerMember>
					</LayerMem>
				</Shape>
				<Shape ID="169" UniqueID="{3E7BAB3D-1A0E-4E4B-B937-7057609678B2}" Name="Relationship.169" NameU="Relationship.169" Master="8">
					<XForm>
						<PinX Unit="IN">32.023774663378475</PinX>
						<PinY Unit="IN">13.403333333333336</PinY>
					</XForm>
					<LayerMem>
						<LayerMember>1</LayerMember>
					</LayerMem>
				</Shape>
				<Shape ID="170" UniqueID="{3ABDB394-AC31-4985-B6EF-4A37C762C68B}" Name="Entity.170" NameU="Entity.170" Master="15">
					<XForm>
						<PinX Unit="IN">35.010000000000005</PinX>
						<PinY Unit="IN">14.331162382676869</PinY>
					</XForm>
					<LayerMem>
						<LayerMember>0</LayerMember>
					</LayerMem>
				</Shape>
				<Shape ID="173" UniqueID="{F764B372-7417-48C1-A3B6-506698F2632F}" Name="Relationship.173" NameU="Relationship.173" Master="8">
					<XForm>
						<PinX Unit="IN">33.765693799425833</PinX>
						<PinY Unit="IN">14.431162382676870</PinY>
					</XForm>
					<LayerMem>
						<LayerMember>1</LayerMember>
					</LayerMem>
				</Shape>
				<Shape ID="174" UniqueID="{FA880B3D-D558-4220-ABE2-221499B4FAE2}" Name="Entity.174" NameU="Entity.174" Master="15">
					<XForm>
						<PinX Unit="IN">35.010000000000005</PinX>
						<PinY Unit="IN">11.792170696343316</PinY>
					</XForm>
					<LayerMem>
						<LayerMember>0</LayerMember>
					</LayerMem>
				</Shape>
				<Shape ID="177" UniqueID="{CAF86E19-690C-46B6-AB38-5F3E663D7A5B}" Name="Relationship.177" NameU="Relationship.177" Master="8">
					<XForm>
						<PinX Unit="IN">33.195105705261234</PinX>
						<PinY Unit="IN">11.825503521050345</PinY>
					</XForm>
					<LayerMem>
						<LayerMember>1</LayerMember>
					</LayerMem>
				</Shape>
				<Shape ID="178" UniqueID="{CE35300E-16EF-482F-8712-398912D8CAF4}" Name="Entity.178" NameU="Entity.178" Master="15">
					<XForm>
						<PinX Unit="IN">33.976459691187401</PinX>
						<PinY Unit="IN">9.792170696343316</PinY>
					</XForm>
					<LayerMem>
						<LayerMember>0</LayerMember>
					</LayerMem>
				</Shape>
				<Shape ID="181" UniqueID="{43AF05E5-E165-426D-968D-E586B4CFE20A}" Name="Relationship.181" NameU="Relationship.181" Master="8">
					<XForm>
						<PinX Unit="IN">34.316906908581984</PinX>
						<PinY Unit="IN">10.792170696343316</PinY>
					</XForm>
					<LayerMem>
						<LayerMember>1</LayerMember>
					</LayerMem>
				</Shape>
				<Shape ID="182" UniqueID="{127878FC-C490-4CCB-ABCA-C946A8FC9C7B}" Name="Entity.182" NameU="Entity.182" Master="15">
					<XForm>
						<PinX Unit="IN">36.010000000000005</PinX>
						<PinY Unit="IN">9.475504283989800</PinY>
					</XForm>
					<LayerMem>
						<LayerMember>0</LayerMember>
					</LayerMem>
				</Shape>
				<Shape ID="185" UniqueID="{5BB4E4A2-4597-4325-A7A5-557D3A1BEE4C}" Name="Relationship.185" NameU="Relationship.185" Master="8">
					<XForm>
						<PinX Unit="IN">35.825246582031255</PinX>
						<PinY Unit="IN">10.592170696343317</PinY>
					</XForm>
					<LayerMem>
						<LayerMember>1</LayerMember>
					</LayerMem>
				</Shape>
				<Shape ID="186" UniqueID="{722BDFCA-D79D-4803-BB0F-B2810FF65EFB}" Name="Entity.186" NameU="Entity.186" Master="15">
					<XForm>
						<PinX Unit="IN">21.410000000000011</PinX>
						<PinY Unit="IN">7.931162382676870</PinY>
					</XForm>
					<LayerMem>
						<LayerMember>0</LayerMember>
					</LayerMem>
				</Shape>
				<Shape ID="189" UniqueID="{9015EEA7-F6F2-4A27-95FF-BF4A9E0246DE}" Name="Relationship.189" NameU="Relationship.189" Master="8">
					<XForm>
						<PinX Unit="IN">21.606460741589800</PinX>
						<PinY Unit="IN">8.731162382676867</PinY>
					</XForm>
					<LayerMem>
						<LayerMember>1</LayerMember>
					</LayerMem>
				</Shape>
				<Shape ID="190" UniqueID="{0D072F53-924D-493F-9C85-97557A5A444A}" Name="Relationship.190" NameU="Relationship.190" Master="8">
					<XForm>
						<PinX Unit="IN">23.108527353833452</PinX>
						<PinY Unit="IN">8.031162382676870</PinY>
					</XForm>
					<LayerMem>
						<LayerMember>1</LayerMember>
					</LayerMem>
				</Shape>
				<Shape ID="191" UniqueID="{3E0DFD50-E32F-46F2-A435-AA8D15005811}" Name="Relationship.191" NameU="Relationship.191" Master="8">
					<XForm>
						<PinX Unit="IN">23.108527353833452</PinX>
						<PinY Unit="IN">7.779747858005102</PinY>
					</XForm>
					<LayerMem>
						<LayerMember>1</LayerMember>
					</LayerMem>
				</Shape>
				<Shape ID="192" UniqueID="{80B5C88B-EAAC-45F0-8ABA-2DB419BB681C}" Name="Entity.192" NameU="Entity.192" Master="15">
					<XForm>
						<PinX Unit="IN">29.551621363500114</PinX>
						<PinY Unit="IN">5.725501995171438</PinY>
					</XForm>
					<LayerMem>
						<LayerMember>0</LayerMember>
					</LayerMem>
				</Shape>
				<Shape ID="195" UniqueID="{386231E6-C63F-44CA-A6FC-BDF212DDBC38}" Name="Entity.195" NameU="Entity.195" Master="15">
					<XForm>
						<PinX Unit="IN">26.975553629735469</PinX>
						<PinY Unit="IN">6.064496733262804</PinY>
					</XForm>
					<LayerMem>
						<LayerMember>0</LayerMember>
					</LayerMem>
				</Shape>
				<Shape ID="198" UniqueID="{265C44E5-9D81-41CC-BB88-AD7A3F9C9FA5}" Name="Relationship.198" NameU="Relationship.198" Master="8">
					<XForm>
						<PinX Unit="IN">25.918575026123911</PinX>
						<PinY Unit="IN">6.799771042895849</PinY>
					</XForm>
					<LayerMem>
						<LayerMember>1</LayerMember>
					</LayerMem>
				</Shape>
				<Shape ID="199" UniqueID="{EA792EA4-ABE3-4D9D-927F-578AF3C6AE26}" Name="Entity.199" NameU="Entity.199" Master="15">
					<XForm>
						<PinX Unit="IN">26.898612401148341</PinX>
						<PinY Unit="IN">4.003333333333334</PinY>
					</XForm>
					<LayerMem>
						<LayerMember>0</LayerMember>
					</LayerMem>
				</Shape>
				<Shape ID="202" UniqueID="{446217E7-5382-4CAB-9E39-BFD79DBD835F}" Name="Relationship.202" NameU="Relationship.202" Master="8">
					<XForm>
						<PinX Unit="IN">26.898612401148341</PinX>
						<PinY Unit="IN">4.950581445651585</PinY>
					</XForm>
					<LayerMem>
						<LayerMember>1</LayerMember>
					</LayerMem>
				</Shape>
				<Shape ID="203" UniqueID="{FB2C7ECF-0BFC-4BD5-AF62-BFC3F715873A}" Name="Relationship.203" NameU="Relationship.203" Master="8">
					<XForm>
						<PinX Unit="IN">28.116738662719733</PinX>
						<PinY Unit="IN">4.186585076090492</PinY>
					</XForm>
					<LayerMem>
						<LayerMember>1</LayerMember>
					</LayerMem>
				</Shape>
				<Shape ID="204" UniqueID="{5ECF0CBF-D42D-4B47-93EE-B3E3377898EE}" Name="Entity.204" NameU="Entity.204" Master="15">
					<XForm>
						<PinX Unit="IN">28.556226466039178</PinX>
						<PinY Unit="IN">8.203333333333333</PinY>
					</XForm>
					<LayerMem>
						<LayerMember>0</LayerMember>
					</LayerMem>
				</Shape>
				<Shape ID="207" UniqueID="{D64BAD3C-6430-4446-9630-03862B8DA907}" Name="Relationship.207" NameU="Relationship.207" Master="8">
					<XForm>
						<PinX Unit="IN">26.938945732116707</PinX>
						<PinY Unit="IN">8.250581445651585</PinY>
					</XForm>
					<LayerMem>
						<LayerMember>1</LayerMember>
					</LayerMem>
				</Shape>
				<Shape ID="208" UniqueID="{FF863E27-CB81-461C-97BA-98DA8F19E1F2}" Name="Entity.208" NameU="Entity.208" Master="15">
					<XForm>
						<PinX Unit="IN">29.635881159642693</PinX>
						<PinY Unit="IN">2.292169170464408</PinY>
					</XForm>
					<LayerMem>
						<LayerMember>0</LayerMember>
					</LayerMem>
				</Shape>
				<Shape ID="211" UniqueID="{D442435D-275A-40B8-93CF-7EF266BC3D71}" Name="Relationship.211" NameU="Relationship.211" Master="8">
					<XForm>
						<PinX Unit="IN">27.143262480064742</PinX>
						<PinY Unit="IN">5.203333333333336</PinY>
					</XForm>
					<LayerMem>
						<LayerMember>1</LayerMember>
					</LayerMem>
				</Shape>
				<Shape ID="212" UniqueID="{805FD4E8-5747-44F6-B6EE-5FFBF8B32B5E}" Name="Relationship.212" NameU="Relationship.212" Master="8">
					<XForm>
						<PinX Unit="IN">29.635881159642693</PinX>
						<PinY Unit="IN">3.925501995171439</PinY>
					</XForm>
					<LayerMem>
						<LayerMember>1</LayerMember>
					</LayerMem>
				</Shape>
				<Shape ID="213" UniqueID="{11465BEB-E38B-4F5B-9148-8FF5C6C531EC}" Name="Entity.213" NameU="Entity.213" Master="15">
					<XForm>
						<PinX Unit="IN">32.444040797093855</PinX>
						<PinY Unit="IN">2.931162382676867</PinY>
					</XForm>
					<LayerMem>
						<LayerMember>0</LayerMember>
					</LayerMem>
				</Shape>
				<Shape ID="216" UniqueID="{1E9E1A5D-3718-4AD7-92F0-E5FB64E898B7}" Name="Relationship.216" NameU="Relationship.216" Master="8">
					<XForm>
						<PinX Unit="IN">31.044040797093864</PinX>
						<PinY Unit="IN">2.903333333333333</PinY>
					</XForm>
					<LayerMem>
						<LayerMember>1</LayerMember>
					</LayerMem>
				</Shape>
				<Shape ID="217" UniqueID="{6FA5232F-1673-4263-8C20-44DBC5A3DECC}" Name="Entity.217" NameU="Entity.217" Master="15">
					<XForm>
						<PinX Unit="IN">21.831038472315331</PinX>
						<PinY Unit="IN">5.775502758110893</PinY>
					</XForm>
					<LayerMem>
						<LayerMember>0</LayerMember>
					</LayerMem>
				</Shape>
				<Shape ID="220" UniqueID="{0F988B89-0BA4-414A-B26D-995161A156F7}" Name="Entity.220" NameU="Entity.220" Master="15">
					<XForm>
						<PinX Unit="IN">35.420211527684685</PinX>
						<PinY Unit="IN">6.003333333333330</PinY>
					</XForm>
					<LayerMem>
						<LayerMember>0</LayerMember>
					</LayerMem>
				</Shape>
				<Shape ID="223" UniqueID="{2BE6CA20-BF02-419A-8C50-C77F847C919E}" Name="Relationship.223" NameU="Relationship.223" Master="8">
					<XForm>
						<PinX Unit="IN">23.512388672892506</PinX>
						<PinY Unit="IN">7.058915414767797</PinY>
					</XForm>
					<LayerMem>
						<LayerMember>1</LayerMember>
					</LayerMem>
				</Shape>
				<Shape ID="224" UniqueID="{10711475-91BC-4064-A81A-36AE85B78125}" Name="Entity.224" NameU="Entity.224" Master="15">
					<XForm>
						<PinX Unit="IN">32.010000000000012</PinX>
						<PinY Unit="IN">5.803333333333335</PinY>
					</XForm>
					<LayerMem>
						<LayerMember>0</LayerMember>
					</LayerMem>
				</Shape>
				<Shape ID="227" UniqueID="{582A98EA-5397-4AC9-839D-70A846B0973D}" Name="Relationship.227" NameU="Relationship.227" Master="8">
					<XForm>
						<PinX Unit="IN">31.555661717821845</PinX>
						<PinY Unit="IN">7.531086365424264</PinY>
					</XForm>
					<LayerMem>
						<LayerMember>1</LayerMember>
					</LayerMem>
				</Shape>
				<Shape ID="228" UniqueID="{E563AF62-440D-45FF-800B-A1CE3FCF641A}" Name="Entity.228" NameU="Entity.228" Master="15">
					<XForm>
						<PinX Unit="IN">12.651182291844842</PinX>
						<PinY Unit="IN">1.808835582817927</PinY>
					</XForm>
					<LayerMem>
						<LayerMember>0</LayerMember>
					</LayerMem>
				</Shape>
				<Shape ID="231" UniqueID="{C3E997B0-B5B2-49A5-8844-F936AFF25D68}" Name="Relationship.231" NameU="Relationship.231" Master="8">
					<XForm>
						<PinX Unit="IN">19.415886993194135</PinX>
						<PinY Unit="IN">4.753333333333337</PinY>
					</XForm>
					<LayerMem>
						<LayerMember>1</LayerMember>
					</LayerMem>
				</Shape>
				<Shape ID="232" UniqueID="{C5EBA3EA-072E-4D3A-814B-F6EE9E8B0A06}" Name="Entity.232" NameU="Entity.232" Master="15">
					<XForm>
						<PinX Unit="IN">7.610000000000008</PinX>
						<PinY Unit="IN">3.564498259141711</PinY>
					</XForm>
					<LayerMem>
						<LayerMember>0</LayerMember>
					</LayerMem>
				</Shape>
				<Shape ID="235" UniqueID="{2137FE1C-F5AC-4917-A5F5-E504829A0C0F}" Name="Relationship.235" NameU="Relationship.235" Master="8">
					<XForm>
						<PinX Unit="IN">10.036037198473695</PinX>
						<PinY Unit="IN">2.645000127156578</PinY>
					</XForm>
					<LayerMem>
						<LayerMember>1</LayerMember>
					</LayerMem>
				</Shape>
				<Shape ID="236" UniqueID="{4BE3DC27-EA53-4EF4-9310-8F83603BAFF9}" Name="Entity.236" NameU="Entity.236" Master="15">
					<XForm>
						<PinX Unit="IN">10.810000000000008</PinX>
						<PinY Unit="IN">4.947830320909290</PinY>
					</XForm>
					<LayerMem>
						<LayerMember>0</LayerMember>
					</LayerMem>
				</Shape>
				<Shape ID="239" UniqueID="{BD18334A-8CD3-4CE0-A225-83ACD185658C}" Name="Relationship.239" NameU="Relationship.239" Master="8">
					<XForm>
						<PinX Unit="IN">9.111220321655281</PinX>
						<PinY Unit="IN">4.464498259141711</PinY>
					</XForm>
					<LayerMem>
						<LayerMember>1</LayerMember>
					</LayerMem>
				</Shape>
				<Shape ID="240" UniqueID="{096BBE4F-F267-4FB9-AD26-907A15363A36}" Name="Entity.240" NameU="Entity.240" Master="15">
					<XForm>
						<PinX Unit="IN">14.502107355931757</PinX>
						<PinY Unit="IN">5.992170696343315</PinY>
					</XForm>
					<LayerMem>
						<LayerMember>0</LayerMember>
					</LayerMem>
				</Shape>
				<Shape ID="243" UniqueID="{DAA1AFB5-1CFB-45F1-BCB3-166910C9F692}" Name="Relationship.243" NameU="Relationship.243" Master="8">
					<XForm>
						<PinX Unit="IN">14.950843927105391</PinX>
						<PinY Unit="IN">9.231084839545353</PinY>
					</XForm>
					<LayerMem>
						<LayerMember>1</LayerMember>
					</LayerMem>
				</Shape>
				<Shape ID="244" UniqueID="{CD868BDC-36C3-4283-9075-C65F41E7BB17}" Name="Relationship.244" NameU="Relationship.244" Master="8">
					<XForm>
						<PinX Unit="IN">13.864166030883798</PinX>
						<PinY Unit="IN">8.092170696343315</PinY>
					</XForm>
					<LayerMem>
						<LayerMember>1</LayerMember>
					</LayerMem>
				</Shape>
				<Shape ID="245" UniqueID="{DE4AD3FB-6F91-45CE-BC5B-9B9B79B67E82}" Name="Relationship.245" NameU="Relationship.245" Master="8">
					<XForm>
						<PinX Unit="IN">12.785741940905336</PinX>
						<PinY Unit="IN">5.636667683919272</PinY>
					</XForm>
					<LayerMem>
						<LayerMember>1</LayerMember>
					</LayerMem>
				</Shape>
				<Shape ID="246" UniqueID="{57A54EC2-3FC5-4F12-AF4B-98D0986BBEF9}" Name="Entity.246" NameU="Entity.246" Master="15">
					<XForm>
						<PinX Unit="IN">12.010000000000009</PinX>
						<PinY Unit="IN">7.214495970323352</PinY>
					</XForm>
					<LayerMem>
						<LayerMember>0</LayerMember>
					</LayerMem>
				</Shape>
				<Shape ID="249" UniqueID="{43C2B7BD-3AAD-4F2A-BF7B-BFDCA46796BE}" Name="Relationship.249" NameU="Relationship.249" Master="8">
					<XForm>
						<PinX Unit="IN">12.281330469678178</PinX>
						<PinY Unit="IN">9.714495970323354</PinY>
					</XForm>
					<LayerMem>
						<LayerMember>1</LayerMember>
					</LayerMem>
				</Shape>
				<Shape ID="250" UniqueID="{747B18DE-1C73-41F5-A1DB-0CCBCFA44B0A}" Name="Relationship.250" NameU="Relationship.250" Master="8">
					<XForm>
						<PinX Unit="IN">11.537083015441903</PinX>
						<PinY Unit="IN">8.814495970323353</PinY>
					</XForm>
					<LayerMem>
						<LayerMember>1</LayerMember>
					</LayerMem>
				</Shape>
				<Shape ID="251" UniqueID="{51EC9851-7B49-45BD-A0B0-304B799595A6}" Name="Relationship.251" NameU="Relationship.251" Master="8">
					<XForm>
						<PinX Unit="IN">11.549387130737312</PinX>
						<PinY Unit="IN">6.247830320909290</PinY>
					</XForm>
					<LayerMem>
						<LayerMember>1</LayerMember>
					</LayerMem>
				</Shape>
				<Shape ID="252" UniqueID="{3EE7F6DC-2158-4AD1-BF0F-A1A41A604934}" Name="Entity.252" NameU="Entity.252" Master="15">
					<XForm>
						<PinX Unit="IN">16.610000000000010</PinX>
						<PinY Unit="IN">7.225503521050349</PinY>
					</XForm>
					<LayerMem>
						<LayerMember>0</LayerMember>
					</LayerMem>
				</Shape>
				<Shape ID="255" UniqueID="{EB76D7EE-FE87-4F19-BC45-7483DA4EDEBB}" Name="Relationship.255" NameU="Relationship.255" Master="8">
					<XForm>
						<PinX Unit="IN">12.594854906628861</PinX>
						<PinY Unit="IN">4.905503521050350</PinY>
					</XForm>
					<LayerMem>
						<LayerMember>1</LayerMember>
					</LayerMem>
				</Shape>
				<Shape ID="256" UniqueID="{C5EE5C0E-8049-4518-8CAD-0C2FE5884111}" Name="Relationship.256" NameU="Relationship.256" Master="8">
					<XForm>
						<PinX Unit="IN">16.965000000000003</PinX>
						<PinY Unit="IN">12.165584243096246</PinY>
					</XForm>
					<LayerMem>
						<LayerMember>1</LayerMember>
					</LayerMem>
				</Shape>
				<Shape ID="257" UniqueID="{4C4E9BBD-BB06-48FC-AD3D-C6DD6B681A95}" Name="Entity.257" NameU="Entity.257" Master="15">
					<XForm>
						<PinX Unit="IN">17.406733128687403</PinX>
						<PinY Unit="IN">4.208835582817926</PinY>
					</XForm>
					<LayerMem>
						<LayerMember>0</LayerMember>
					</LayerMem>
				</Shape>
				<Shape ID="260" UniqueID="{9A9A1223-2E4E-4538-84DB-7BDD0C2A2DA2}" Name="Relationship.260" NameU="Relationship.260" Master="8">
					<XForm>
						<PinX Unit="IN">21.503943081933230</PinX>
						<PinY Unit="IN">5.603333333333339</PinY>
					</XForm>
					<LayerMem>
						<LayerMember>1</LayerMember>
					</LayerMem>
				</Shape>
				<Shape ID="261" UniqueID="{2CCF6482-32B1-4756-97E5-0375A54C8EE0}" Name="Relationship.261" NameU="Relationship.261" Master="8">
					<XForm>
						<PinX Unit="IN">19.288484326769595</PinX>
						<PinY Unit="IN">6.501622858005105</PinY>
					</XForm>
					<LayerMem>
						<LayerMember>1</LayerMember>
					</LayerMem>
				</Shape>
				<Shape ID="262" UniqueID="{516FE3B9-1DDD-4979-B31B-6D9E58B7288B}" Name="Relationship.262" NameU="Relationship.262" Master="8">
					<XForm>
						<PinX Unit="IN">14.193634584973587</PinX>
						<PinY Unit="IN">4.660920696343315</PinY>
					</XForm>
					<LayerMem>
						<LayerMember>1</LayerMember>
					</LayerMem>
				</Shape>
				<Shape ID="263" UniqueID="{CB2F174D-0EC6-4ABF-A3A6-234A278E038B}" Name="Entity.263" NameU="Entity.263" Master="15">
					<XForm>
						<PinX Unit="IN">1.248936426976671</PinX>
						<PinY Unit="IN">18.988837363009981</PinY>
					</XForm>
					<LayerMem>
						<LayerMember>0</LayerMember>
					</LayerMem>
				</Shape>
				<Shape ID="266" UniqueID="{66E137E0-ACA9-4ACC-A5DC-EB92846AF8D6}" Name="Entity.266" NameU="Entity.266" Master="15">
					<XForm>
						<PinX Unit="IN">5.000000000000000</PinX>
						<PinY Unit="IN">13.199999999999999</PinY>
					</XForm>
					<LayerMem>
						<LayerMember>0</LayerMember>
					</LayerMem>
				</Shape>
				<Shape ID="269" UniqueID="{4E405B20-E592-4058-9239-33B561597946}" Name="Relationship.269" NameU="Relationship.269" Master="8">
					<XForm>
						<PinX Unit="IN">4.110324442723741</PinX>
						<PinY Unit="IN">13.031908216424531</PinY>
					</XForm>
					<LayerMem>
						<LayerMember>1</LayerMember>
					</LayerMem>
				</Shape>
				<Shape ID="271" UniqueID="{7CF6ACB4-D99E-4D87-A089-ED29B3D6D156}" Name="Relationship.271" NameU="Relationship.271" Master="8">
					<XForm>
						<PinX Unit="IN">8.617324160168895</PinX>
						<PinY Unit="IN">13.871904854546022</PinY>
					</XForm>
					<LayerMem>
						<LayerMember>1</LayerMember>
					</LayerMem>
				</Shape>
				<Shape ID="272" UniqueID="{68A6132A-3CB1-46C1-B603-822C0EE465B9}" Name="Relationship.272" NameU="Relationship.272" Master="8">
					<XForm>
						<PinX Unit="IN">6.123506082051963</PinX>
						<PinY Unit="IN">7.534999491373696</PinY>
					</XForm>
					<LayerMem>
						<LayerMember>1</LayerMember>
					</LayerMem>
				</Shape>
				<Shape ID="273" UniqueID="{518300A1-90BF-41FA-B87A-8775B1BE669F}" Name="Relationship.273" NameU="Relationship.273" Master="8">
					<XForm>
						<PinX Unit="IN">8.211713145116317</PinX>
						<PinY Unit="IN">18.347249638197155</PinY>
					</XForm>
					<LayerMem>
						<LayerMember>1</LayerMember>
					</LayerMem>
				</Shape>
				<Shape ID="274" UniqueID="{39BA5E9B-D0BE-4616-B62F-E87E2ADA87E1}" Name="Entity.274" NameU="Entity.274" Master="15">
					<XForm>
						<PinX Unit="IN">1.632222330907335</PinX>
						<PinY Unit="IN">15.799999999999997</PinY>
					</XForm>
					<LayerMem>
						<LayerMember>0</LayerMember>
					</LayerMem>
				</Shape>
				<Shape ID="277" UniqueID="{FFE655AC-241D-4063-863F-0FC8052D4223}" Name="Relationship.277" NameU="Relationship.277" Master="8">
					<XForm>
						<PinX Unit="IN">3.127893924713134</PinX>
						<PinY Unit="IN">14.708580654609994</PinY>
					</XForm>
					<LayerMem>
						<LayerMember>1</LayerMember>
					</LayerMem>
				</Shape>
				<Shape ID="279" UniqueID="{1EF5A612-9DE0-405C-A34A-201769A2D9F6}" Name="Entity.279" NameU="Entity.279" Master="15">
					<XForm>
						<PinX Unit="IN">4.400000000000000</PinX>
						<PinY Unit="IN">16.388837363009980</PinY>
					</XForm>
					<LayerMem>
						<LayerMember>0</LayerMember>
					</LayerMem>
				</Shape>
				<Shape ID="292" UniqueID="{4BE7190F-B1E8-4AF9-BBF8-D8257BC698F8}" Name="Relationship.292" NameU="Relationship.292" Master="8">
					<XForm>
						<PinX Unit="IN">3.146014005114311</PinX>
						<PinY Unit="IN">16.177752269151476</PinY>
					</XForm>
					<LayerMem>
						<LayerMember>1</LayerMember>
					</LayerMem>
				</Shape>
				<Shape ID="296" UniqueID="{B730CEDC-DCBA-4678-A311-C09C41306504}" Name="Entity.296" NameU="Entity.296" Master="15">
					<XForm>
						<PinX Unit="IN">1.412500416895400</PinX>
						<PinY Unit="IN">11.700000000000003</PinY>
					</XForm>
					<LayerMem>
						<LayerMember>0</LayerMember>
					</LayerMem>
				</Shape>
				<Shape ID="299" UniqueID="{F5796B65-D64D-479C-A00C-5FE1E121F975}" Name="Relationship.299" NameU="Relationship.299" Master="8">
					<XForm>
						<PinX Unit="IN">3.167662638257270</PinX>
						<PinY Unit="IN">11.908331680297852</PinY>
					</XForm>
					<LayerMem>
						<LayerMember>1</LayerMember>
					</LayerMem>
				</Shape>
				<Shape ID="300" UniqueID="{98EF0F78-D642-4973-B87A-435C7C8D7D13}" Name="Entity.300" NameU="Entity.300" Master="15">
					<XForm>
						<PinX Unit="IN">1.288612401148330</PinX>
						<PinY Unit="IN">13.399999999999999</PinY>
					</XForm>
					<LayerMem>
						<LayerMember>0</LayerMember>
					</LayerMem>
				</Shape>
				<Shape ID="306" UniqueID="{B108E730-05A8-4C6E-A7D6-1F392FCB7ED3}" Name="Entity.306" NameU="Entity.306" Master="15">
					<XForm>
						<PinX Unit="IN">1.554174458643447</PinX>
						<PinY Unit="IN">9.894496224636502</PinY>
					</XForm>
					<LayerMem>
						<LayerMember>0</LayerMember>
					</LayerMem>
				</Shape>
				<Shape ID="309" UniqueID="{EA63E60C-8C1B-4484-9AE2-36D71755FAF9}" Name="Relationship.309" NameU="Relationship.309" Master="8">
					<XForm>
						<PinX Unit="IN">3.424174458643447</PinX>
						<PinY Unit="IN">10.699998474121092</PinY>
					</XForm>
					<LayerMem>
						<LayerMember>1</LayerMember>
					</LayerMem>
				</Shape>
				<Shape ID="326" UniqueID="{66FFB92A-BAE7-4AEC-8F72-B8DBDBE5D9C4}" Name="Relationship.326" NameU="Relationship.326" Master="8">
					<XForm>
						<PinX Unit="IN">9.889445536473748</PinX>
						<PinY Unit="IN">16.632389700278949</PinY>
					</XForm>
					<LayerMem>
						<LayerMember>1</LayerMember>
					</LayerMem>
				</Shape>
				<Shape ID="327" UniqueID="{7D4A7DBF-432A-462D-98C0-7B59415844DB}" Name="Relationship.327" NameU="Relationship.327" Master="8">
					<XForm>
						<PinX Unit="IN">1.320834732055664</PinX>
						<PinY Unit="IN">14.558333206176755</PinY>
					</XForm>
					<LayerMem>
						<LayerMember>1</LayerMember>
					</LayerMem>
				</Shape>
				<Shape ID="62" UniqueID="{8F449353-336E-413F-85E0-B4E845C464A4}" Name="Entity.62" NameU="Entity.62" Master="15">
					<XForm>
						<PinX Unit="IN">4.434446370264540</PinX>
						<PinY Unit="IN">9.011162636990017</PinY>
					</XForm>
					<LayerMem>
						<LayerMember>0</LayerMember>
					</LayerMem>
				</Shape>
				<Shape ID="83" UniqueID="{10791805-DC20-4B86-8C5A-AC99B049E016}" Name="Relationship.83" NameU="Relationship.83" Master="8">
					<XForm>
						<PinX Unit="IN">4.841946370264541</PinX>
						<PinY Unit="IN">10.563912998792860</PinY>
					</XForm>
					<LayerMem>
						<LayerMember>1</LayerMember>
					</LayerMem>
				</Shape>
				<Shape ID="84" UniqueID="{85141DAE-11F9-4A9F-8C70-5EE745DE6D8F}" Name="Relationship.84" NameU="Relationship.84" Master="8">
					<XForm>
						<PinX Unit="IN">9.929446370264543</PinX>
						<PinY Unit="IN">10.219374491373697</PinY>
					</XForm>
					<LayerMem>
						<LayerMember>1</LayerMember>
					</LayerMem>
				</Shape>
				<Shape ID="328" UniqueID="{E433B2A3-54AE-4411-919D-710E091CC8A6}" Name="Entity.328" NameU="Entity.328" Master="15">
					<XForm>
						<PinX Unit="IN">4.841841853002062</PinX>
						<PinY Unit="IN">19.344496987575955</PinY>
					</XForm>
					<LayerMem>
						<LayerMember>0</LayerMember>
					</LayerMem>
				</Shape>
				<Shape ID="291" UniqueID="{62C500CE-FD38-48C0-B61A-3CD704C24395}" Name="Sheet.291" NameU="Sheet.291">
					<XForm>
						<PinX Unit="IN">2.788260869565227</PinX>
						<PinY Unit="IN">4.350000000000000</PinY>
					</XForm>
				</Shape>
				<Shape ID="287" UniqueID="{F2394F0E-9F72-4A1A-AC51-A95FACCA9F3B}" Name="Sheet.287" NameU="Sheet.287">
					<Text>Schemas</Text>
					<XForm>
						<PinX Unit="IN">2.800000000000000</PinX>
						<PinY Unit="IN">6.700000000000002</PinY>
					</XForm>
					<LayerMem>
						<LayerMember>6</LayerMember>
					</LayerMem>
				</Shape>
				<Shape ID="293" UniqueID="{3DD986A9-C378-4587-AE5C-60557FDFCAD3}" Name="Rounded rectangle.293" NameU="Rounded rectangle.293" Master="9">
					<Text>Purchasing</Text>
					<XForm>
						<PinX Unit="IN">2.788260869565227</PinX>
						<PinY Unit="IN">5.149522691705790</PinY>
					</XForm>
					<LayerMem>
						<LayerMember>6</LayerMember>
					</LayerMem>
				</Shape>
				<Shape ID="294" UniqueID="{47CF2BBD-BEDA-487D-BD16-97A6DCD3A549}" Name="Rounded rectangle.294" NameU="Rounded rectangle.294" Master="9">
					<Text>Production</Text>
					<XForm>
						<PinX Unit="IN">2.784471807065227</PinX>
						<PinY Unit="IN">3.553810641627542</PinY>
					</XForm>
					<LayerMem>
						<LayerMember>6</LayerMember>
					</LayerMem>
				</Shape>
				<Shape ID="295" UniqueID="{9E0ECFEE-A041-43EE-9541-EE01F8A8422B}" Name="Rounded rectangle.295" NameU="Rounded rectangle.295" Master="9">
					<Text>HumanResources</Text>
					<XForm>
						<PinX Unit="IN">2.781630434782613</PinX>
						<PinY Unit="IN">2.776905320813770</PinY>
					</XForm>
					<LayerMem>
						<LayerMember>6</LayerMember>
					</LayerMem>
				</Shape>
				<Shape ID="302" UniqueID="{83F7DAEC-B51B-4FCF-940D-71E54B8F1E11}" Name="Rounded rectangle.302" NameU="Rounded rectangle.302" Master="9">
					<Text>Person</Text>
					<XForm>
						<PinX Unit="IN">2.788260869565202</PinX>
						<PinY Unit="IN">4.351666666666663</PinY>
					</XForm>
					<LayerMem>
						<LayerMember>6</LayerMember>
					</LayerMem>
				</Shape>
				<Shape ID="325" UniqueID="{92DCD38B-833A-405F-800E-DA7F90986358}" Name="Rounded rectangle.292" NameU="Rounded rectangle.292" Master="9">
					<Text>Sales</Text>
					<XForm>
						<PinX Unit="IN">2.786630434782617</PinX>
						<PinY Unit="IN">5.926428012519564</PinY>
					</XForm>
					<LayerMem>
						<LayerMember>6</LayerMember>
					</LayerMem>
				</Shape>
				<Shape ID="288" UniqueID="{4E1C084D-C93E-4F57-8049-FC43E4ACF56B}" Name="Rounded rectangle.288" NameU="Rounded rectangle.288" Master="9">
					<Text>dbo</Text>
					<XForm>
						<PinX Unit="IN">2.781630434782613</PinX>
						<PinY Unit="IN">2.000000000000000</PinY>
					</XForm>
					<LayerMem>
						<LayerMember>6</LayerMember>
					</LayerMem>
				</Shape>
				<Shape ID="332" UniqueID="{5DB84BD3-024A-47B8-B486-541F01CEEE53}" Name="Entity.332" NameU="Entity.332" Master="15">
					<XForm>
						<PinX Unit="IN">3.127369725367080</PinX>
						<PinY Unit="IN">19.372169424777560</PinY>
					</XForm>
					<LayerMem>
						<LayerMember>0</LayerMember>
					</LayerMem>
				</Shape>
			</Shapes>
		</Page>
	</Pages>
</VisioDocument>
